title,url
さくらインターネットのレンタルサーバー(スタンダード)でsinatra2を使う,https://qiita.com/tanamu/items/3b98cf45f7eaad1d9833
Railsチュートリアルやってみた v5.1.4,https://qiita.com/kzyamax/items/e8db1cb385ce70087add
Selenium のサンプル (Ruby),https://qiita.com/ekzemplaro/items/cb5228c9d03471a9f55a
Crystal 言語の 2017年を振り返ってみて,https://qiita.com/yahhonob/items/0c6eb2e4724c6821e1db
Rubyでブロックとメソッドをコールバック処理として実行する,https://qiita.com/uwettie/items/690d8c718d7cc7456b80
Capybaraでheadless chromeと戯れるための覚書。spider on ruby,https://qiita.com/dice-k-nakatani/items/a320e40345164132e0a0
Discord Bot 『Roboty』の裏側 ~採用技術と開発環境まとめ~,https://qiita.com/otuhs_d/items/e8185f609e693bde879a
Hello Ruby,https://qiita.com/uwettie/items/49b39688037ffe38d68e
RailsでWebアプリを作成するときにとりあえずやる事リスト,https://qiita.com/wajima/items/11a44206e89ed9653f21
Automatically Identify and Label Photos with Microsoft Computer Vision API,https://qiita.com/daichiiiiiii/items/db5d805ec9e497063870
rails、君に決めた！！~13,https://qiita.com/satousatou/items/b760beb498a3421e7fbe
Ruby で時差を求める,https://qiita.com/niwasawa/items/93275acac3b489760ce2
SitePrismを使ったページオブジェクトデザインパターンによるテストのサンプルを作りました,https://qiita.com/oh_rusty_nail/items/785676200f92bcf8df3a
Railsのマイグレーションを使わずRidgepoleを導入してみた,https://qiita.com/enomotodev/items/071ca442a45dc95c819e
mysqlのパスワードにビックリマーク!入れたらいろいろハマった話,https://qiita.com/makito/items/76e937d4f68db96f84f0
buildメソッドについて,https://qiita.com/tsuchinoko_run/items/d671ea840bc0bfa90186
Railsにおける多対多(n対n)のアソシエーション,https://qiita.com/TaArakawa/items/ccff1ab18d65a5ef9bad
ElasticBeanstalkのRuby2.5でRailsのbundle installに失敗した話,https://qiita.com/GHKEN/items/87cd8bbc43eb7c944614
each_with_indexの使い方,https://qiita.com/tsuchinoko_run/items/5cef7dd9d8baf48ffde7
XSERVERでCGI/APIを走らせて500エラーが出たときに確認すること,https://qiita.com/sKawashima/items/9c045eadf48071ebf6a2
